sequence,class
ALENKRKQL,0
QLAAGGKHL,0
YLISGDSPV,0
GLYPGLIWL,0
LLAFTNPTV,0
QLSDVIDRL,0
TLLYPLFNL,0
WLLSVLAAV,0
YLGCIITSL,0
FLATCVNGV,0
TLAGPKGPI,0
LLSPRPVSY,0
PLLCPSGHV,0
GIFRAAVCT,0
FLADGGCSG,0
TILGIGTVL,0
ATATPPGSI,0
ATPPGSITV,0
LTGLGLNAV,0
YLNTPGLPV,0
CLIRLKPTL,0
PLLYRLGAV,0
RLGAVQNEI,0
LTHPITKFV,0
VMACMSADL,0
GLISLILQI,0
GLYYLTTEV,0
FVVALIPLV,0
GLMTAVYLV,0
RMFAANLGV,0
LLFRFMRPL,0
YLYVHSPAL,0
ILFTFLHLA,0
YLDLALMSV,0
YLLALRYLA,0
YLSQIAVLL,0
VLLLDVTPL,0
ILSSLGLPV,0
LLFLGVVFL,0
LLWQDPVPA,0
GLFLTTEAV,0
YTYKWETFL,0
ALLSDWLPA,0
SLLEIGEGV,0
RMPAVTDLV,0
AMLQDMAIL,0
MLQDMAILT,0
KLAGGVAVI,0
MALLRLPLV,0
RLMIGTAAA,0
ALVLLMLPV,0
ILLSIARVV,0
GLVDFVKHI,0
MLASTLTDA,0
WLLIDTSNA,0
GLYLSQIAV,0
SLAGFVRML,0
AMKADIQHV,0
TVLRFVPPL,0
RLLDDTPEV,0
DMWEHAFYL,0
RLVSGLVGA,0
AIYHPQQFV,0
GLYRQWALA,0
MLGNAPSVV,0
GLYGAQYDV,0
YLSEGDMAA,0
LMLPGMNGI,0
LLPLGYPFV,0
SLFPEFSEL,0
EMKEGRYEV,0
GADEDDIKA,0
LITGRLQSL,0
LLLNCLWSV,0
LITGRLAAL,0
SLENFRAYV,0
YIIRVTTAL,0
NVIGLIVIL,0
FILTAILFL,0
YLDNLLPST,0
DLLNFMVSV,0
LIRPKILSM,0
RLYKPLLKL,0
LTIKQTAEV,0
TLFPGDDDL,0
AMISLAKKI,0
IVCEAIKTI,0
ALYDLQRSA,0
AAKLAVDKL,0
AVDKLLGYV,0
LLFIPDIKL,0
VMLNDVSIV,0
AIADNNVRL,0
DLAILLSCI,0
IIINGDIAL,0
NMISKKYKV,0
YLNKIQNSL,0
KLSDGVAVL,0
NLWNGIVPT,0
ALQDSGLEV,0
AIMEKNIML,0
CQNGACWTS,0
LLFAIVSLV,0
ITIGSICMV,0
SLLTEVETI,0
LIYNRMGTV,0
EIAQKLEDV,0
RMGTVTTEV,0
LTKGILGFV,0
ITFHGAKEV,0
LIRHENRMV,0
ALSYSTGAL,0
QMATITNPL,0
KTRPILSPL,0
AAGAAVKGV,0
ATYQRTRAL,0
GVGTMVMEL,0
HLMIWHSNL,0
AEIEDLIFL,0
LILYDKEEI,0
NLPFERATI,0
PLILRDCSV,0
STQKAIDGV,0
KMEDGFLDV,0
YISVGTSTL,0
QLRDNAKEL,0
ALAIMVAGL,0
AIMVAGLSL,0
NLERRIENL,0
VLLFAIVSL,0
DLDGVKPLI,0
TILKPNDAI,0
IAPEYAYKI,0
KIVLLFAIV,0
YIVEKANPV,0
TIMEKNVTV,0
AIDGVTNKV,0
LTEKAVASV,0
SICMVTGIV,0
CMVTGIVSL,0
HLECRTFFL,0
LMLQIGNMI,0
NLEYQIGYI,0
SVKQDIVAI,0
VLASTTAKI,0
ALMEWLKTI,0
SLALAIMVI,0
GLFGAIAGI,0
AIAGFIEGI,0
RLVPRIATI,0
ILRGSVAHI,0
LMSCPVGEI,0
ILKGKFQTI,0
SLMLQIGNI,0
NLGKVIDTL,0
FVAVHPVDV,0
RLGAIPPLV,0
RLYQASAVM,0
LLCPTGHAV,0
FIIDNFGSV,0
FILGIIITV,0
GLQDCTMLV,0
SLMAFTASV,0
TISGVLWQV,0
GLRDCTMLV,0
SISGVLWQV,0
SLMAFTASI,0
ILAADLEKL,0
LISIFLHLV,0
MAWGGSYIA,0
LIALSVLAV,0
RMAWGGSYI,0
VLIALSVLA,0
IISTFHLSI,0
STSFYLISI,0
GLTSAVIDA,0
RLRDLNQAV,0
AMLQLDPNA,0
LIYKGTYEL,0
ILDSFDPLV,0
LLLDRLNQL,0
VVFLHVTYV,0
RLQSLQTYV,0
HLGNVKYLV,0
GIAGGLALL,0
FLYCYFALV,0
HLYSHPIIL,0
WILRGTSFV,0
TLTSCNTSV,0
VLQAGFFLL,0
FLGGTPVCL,0
LLDYQGMLP,0
KIDYYIPYV,0
GLNDYLHSV,0
FLTSVINRV,0
FLNISWFYI,0
LLGRNSFEV,0
ALGPFQSFV,0
ALMDLLMFS,0
AQPGLTSSV,0
CNYSKFWYL,0
FIHFYREPV,0
FLPIFSDEV,0
FMLNVSYLC,0
FSLGAAVKA,0
FTSDVKAAV,0
FVSAALHNV,0
HNASDFYGL,0
HNFCNLTSA,0
ICSCGAFKV,0
ILSEISFHL,0
INIVIIVLI,0
KLVEVPFPV,0
KQVYFESFV,0
LLTKFVSAA,0
LMDCIIFES,0
LMFSTSAYL,0
LNMFVSDQV,0
LNVSYLCHL,0
LQFGFGWFS,0
LSAEELMSL,0
LSYSQTMLL,0
MTNSGCATA,0
NQFGTMPSL,0
NSFELGVWV,0
RLAGTFTWT,0
RLLSMLNKV,0
RLSSVCLAL,0
SCDDVVFGI,0
SLILLECFV,0
TLMSIVSSL,0
TMFEALPHI,0
TSVPKCWLV,0
YLHKRTLGL,0
IVYEAADAI,0
GTDGFPFKL,0
QLWPEEIGV,0
FLSNVGHYV,0
KIDSTSFSV,0
NLDTSPFFV,0
ILDPKTGLV,0
KLWGLVDFV,0
ILLPWFVDL,0
WLGETFHGL,0
VLKAAGVPV,0
FAGKDFDTV,0
ALVGLSGGT,0
FTNNKFTLS,0
WLSDCGEAL,0
RVFTSAVLL,0
LLLGLWGTA,0
SLVYVNGVV,0
MMSCSSEAT,0
FANSKFTLV,0
FLGGGGAGI,0
SIHVTVSNV,0
IILNGSLLT,0
RLHLWLSDM,0
YATVEVPSL,0
NVLLYNRLL,0
LLGLWGTAA,0
SLSVVRPMT,0
LVYVNGVVV,0
MALIGDSTV,0
VLLLVVVMM,0
AIVFDHYDV,0
STSRVPYDI,0
ALKNNGKVV,0
SLKRTGHGV,0
GVQGGFVSA,0
GLTFKGPGA,0
RIILNGSLL,0
FVYVNGKKI,0
KALETDVPA,0
QVHSSLSVV,0
MTEQTDEAV,0
VMACLVPAA,0
FLARLHAAA,0
SVFRENLFL,0
MTSCVSEQL,0
QLDHGVLLV,0
RALSLAAVL,0
AVLVVMACL,0
VLVVMACLV,0
WIVQENNGA,0
WAFSAIGNV,0
LAAVLVVMA,0
MACLVPAAT,0
IVQENNGAV,0
VAVNGPVAV,0
WMTYTGGVM,0
MTYTGGVMT,0
LLVGYNDSA,0
STHCSGPSV,0
FVNHRFTLV,0
FMGAGSKAV,0
IVMGNGTLV,0
RLTEELNTI,0
SVYVDAKLV,0
YLIPAVTSL,0
VLAELVRQI,0
ILGADPLRV,0
RIFAELEGV,0
ALIIIRSLL,0
VLQWASLAV,0
GLADTVVAC,0
AIHNVVHAI,0
VLQQSTYQL,0
ALAYGIDKV,0
LIGDDVDSV,0
GLRSLYLEV,0
MIANALDAV,0
VLMTETRNL,0
VLNLFFSAL,0
KPIVQYDNF,0
AMFQDPQER,0
ILIYNGWYA,0
VLLNAPSEA,0
AIMDKTVIL,0
EIRLKVFVL,0
VLCLRPVGA,0
TLAAGLLDL,0
RLTLRFIPV,0
GLVDCYINL,0
YLNHTFKKV,0
LLTPNEFEI,0
NMTKDWFLV,0
RLAAGIVTV,0
NLVQDVQPV,0
VMVRDTFAL,0
GLTDASFNV,0
RLLPGVFTV,0
TLHNRGWRV,0
VLAWTRAFV,0
FLAPKLYAL,0
SMPNLVPEV,0
LLNESGQPL,0
DEPTLLYVL,0
KLNSSVYSL,0
AIADLLKSV,0
IMIKSLPAL,0
LLESQIATI,0
FLAKEEVEV,0
ALVKIISAL,0
DLITVTATL,0
KIISALVIV,0
NLELTLLKL,0
CLKMLLEKL,0
KLPDALSNL,0
EVREKHEFL,0
VLAEAMSQV,0
MTNNPPIPV,0
LLFRYPVYV,0
LLACAVIHA,0
SVRDRLARL,0
CMAFTIPSI,0
FTSDYPFYV,0
RTCSNWVPL,0
YIDAYVSRL,0
YLYFCSSDV,0
FLQDVMNIL,0
LLQEYNWEL,0
ILMHCQTTL,0
ELAEYLYNI,0
TIADFWQMV,0
ALTAVAEEV,0
QIFNIISYI,0
KLVCSPAPC,0
MLDLQPETT,0
ALQAIELQL,0
TLQDVSLEV,0
FLLCFCVLL,0
VLLCVCLLI,0
VLLLWITAA,0
CLLIRPLLL,0
YIIFVYIPL,0
EFAFKDLFV,0
RLQRRRETQ,0
ELNTSLQDI,0
ELRHYSDSV,0
TLDTKPLSV,0
VLSVALNHL,0
NLFLFLFAV,0
NLAQDLATV,0
FLWSVFWLI,0
QLARQQVHV,0
FMQEIPTFL,0
GLVGLVTFL,0
SLYKGVYEL,0
LLLAIVSLV,0
TIGECPKYV,0
FVLTAAHCL,0
NLSASVATV,0
QLPQQDQPV,0
VLQELNVTV,0
WLSEKEDAV,0
VVFVVFMGV,0
QMARLAWEA,0
SLVKPTVYV,0
YLPDPTVGV,0
YVYPDNLPV,0
KLQERLAKL,0
LLDSGTTSI,0
FLIHSADWL,0
LLYNEQFAV,0
KLSSFFQSV,0
FGIDLLWSV,0
SMTSPSPVT,0
GMVDGSVLV,0
RMATKPPVI,0
GLITVLFLL,0
VLFLLVIGA,0
FLLVIGACV,0
LVIGACVYC,0
YCCIRVFLA,0
FLAARLWRA,0
RLWRATPLG,0
VLGDEVLSL,0
GLADVFAEL,0
NMSQAEYLV,0
YMLAHVTGL,0
FLAVGGVLL,0
RLARAIIEL,0
VLCPYMPKV,0
LLFRQAHSV,0
KLPDLCTEL,0
ALPHAILRL,0
EMVELRILL,0
ILKKIIPTL,0
KLREYEAAL,0
ELDSNLYRI,0
RLFTKVKPL,0
KMQQNIQEL,0
KLEEEQIIL,0
ILEDQNCKL,0
QLQDTQELL,0
KMEDSVGCL,0
KLQKDLEGL,0
SMEAEMIQL,0
ALEAKIAQL,0
AMNREVSSL,0
TLLGDGPVV,0
FLEQQNKIL,0
ELRRQVDQL,0
TLQSFRQDV,0
DLERKVESL,0
SLTCEVDAL,0
ALKGTNESL,0
DLLNVKMAL,0
RLNKVISEL,0
RLDGTTLEV,0
LLLCGVSLV,0
SLLPATLTV,0
LLATLTMTV,0
FLPATLTMV,0
VLASTTAKA,0
ILGFVFTLT,0
VVAASIIGI,0
KRGPSTEGV,0
PLVVAASII,0
GLKRGPSTE,0
ILKGKFQTA,0
ILRGSVAHK,0
MIIMLIPTV,0
ALIFILLTA,0
LIFILLTAV,0
WLVHRQWFL,0
FLDLPLPWL,0
FLIDGPETA,0
LMMTTIGIV,0
MMATIGIAL,0
LVISGLFPV,0
GLFPVSIPI,0
LTAALLLLV,0
LLLLVAHYA,0
LLLVAHYAI,0
VLMMRTTWA,0
LMMRTTWAL,0
ALCEALTLA,0
VLNPYMPSV,0
LMAAILAYT,0
TLLVAVSFV,0
YQLAVTITA,0
LVISGVFPV,0
LLVLCVTQV,0
LVMAFIAFL,0
LLMLVTPSM,0
WLVHKQWFL,0
VILAGPMPV,0
FLNEDHWFS,0
VLNPYMPTV,0
TLAPQVEPL,0
RLLEAFQFV,0
MLADKTKSI,0
VLLEKATIL,0
KVLTLFAEV,0
VVWVKITQV,0
TLQPVERVL,0
TFWMGSHEV,0
VMAPDKPSL,0
GLYGNGILV,0
FVRNPFFAV,0
KMLDPRQGL,0
LVAGGLLTV,0
PLNEGIMAV,0
YMPSVVETL,0
DLFQSISVL,0
ELILAVDGV,0
SILVLASTI,0
LILAVDGVL,0
HIAGSLAVV,0
PTEKGANEY,0
LIDLTSFLL,0
SFLLSLFSL,0
LLSILCIWV,0
YQIQATVMI,0
MIIVSSCAV,0
IIYFKPEYK,0
CTFIFSILV,0
LVLASTITI,0
LASTITILK,0
LLMEGVPKS,0
VLSVHSLHI,0
SLHIWSLTM,0
FIFSILVLA,0
KLSFSIVSL,0
LLSGASPFL,0
FIKQILDGV,0
QILDGVNYL,0
GLEADMWSI,0
NIFGTPEFV,0
VLHHNVITL,0
WSIGVITYI,0
SIGVITYIL,0
MLLSKINSL,0
KLIDFGSGA,0
LILERPEPV,0
FFWQVLEAV,0
HLIRWCLAL,0
LLSKINSLA,0
RGLFGTIVT,0
GLFGTIVTS,0
FLGTTVGGV,0
VMWTVYHGA,0
YLITRDADV,0
VMCPAGHVA,0
AKALQFIPV,0
LVLNPSVAA,0
FMSRAYGID,0
MSRAYGIDP,0
PPAVPQSYQ,0
PAVPQSYQV,0
RGRLGTYRY,0
GRLGTYRYV,0
AYLSTPGLP,0
YLSTPGLPV,0
LSTPGLPVC,0
QDHLDFWES,0
DHLDFWESV,0
TLHGPTPLL,0
LHGPTPLLY,0
HGPTPLLYR,0
YRLGPIQNE,0
RLGPIQNEI,0
GPVMCPAGH,0
PVMCPAGHV,0
YLVTSINKL,0
YLGKLFVTL,0
DLSRDLDSV,0
DVVNGLANL,0
SMGIFLKSL,0
LVLEQLGQL,0
KLDKEMEAV,0
YTMDGEYRL,0
SLFGQRIEV,0
LLVAALLAV,0
AIMEKNIVL,0
AIMEKNIIL,0
GLGTLGAAL,0
TYSAGIVQI,0
QVKDEKLNL,0
LNIMNKLNI,0
KIIQRVQDL,0
TVMINNVKL,0
QVSIIQEKL,0
KLGIGNSPV,0
TINDLKMML,0
YLPLSVFII,0
MPQMKKILK,0
KIGPPTVTL,0
DIEIVKLLL,0
ILMRHLKNL,0
EIINNITAV,0
YINNNIEEI,0
KIDDMIEEV,0
FLHTTFIDV,0
EINNELELV,0
YIIKKNDIV,0
LLFLKDVEP,0
TIINKFFEV,0
KLSDSKITV,0
FIFLKKNEL,0
EVNKALYDL,0
LVEKVLKIL,0
YITNRLELL,0
TVYDINNEV,0
DLKPDNILL,0
ELLNILTEL,0
EMQLKIDKL,0
SLKDVLVSV,0
EMKYALINL,0
VLESCWPDV,0
KIEIERKKL,0
KLIIDREVV,0
KVLDIDEIL,0
FVEPEELNL,0
KVVKLTPQV,0
VLNDQYAKV,0
KLTELNAEL,0
VPTATPAPI,0
DLKPQNILL,0
EIQLKIDKL,0
GLFGFVNFV,0
LLFLEDVEP,0
KISYYIPYV,0
TVMINNVKI,0
FPSVFINPV,0
NPVTIINEY,0
DVYVKIDNV,0
SLANTVATL,0
SLYNVVATL,0
ALYNTAAAL,0
SLYATVATL,0
SLHNAVAVL,0
SLFNAVVTL,0
SLYNAVVTL,0
LIDNPDNNL,0
FHVPFDILL,0
GLFGKGSLV,0
RTNDWDFVV,0
TFLKIIPML,0
SLPKHNVTI,0
ALAPAPVEV,0
SLPKHSVTI,0
LMLLALIAV,0
MLLMLLPTA,0
GLLCLTLFV,0
KLSMGLIAI,0
ALFSGVSWI,0
QLWTALVSL,0
QLWTTLLSL,0
KLSMGLITI,0
LLMLLPTAL,0
IITLYLGTV,0
LTAALLSLV,0
LTWNDLIRV,0
RQWFLDLPL,0
GVLFMFVLL,0
LTAAVLMLA,0
ELMMTTIGV,0
TTLLSLTFV,0
IMTIDLDSV,0
KLTVIVGDV,0
GLNPTAILL,0
PLPLFIFNL,0
SIMKNTTSA,0
LTWNDLIRL,0
FTLMAAILA,0
LMKRGDLPV,0
SLGKSEFQI,0
PMAAYGWNL,0
VLSLVENWL,0
WILYAVATT,0
GQIMLLVLC,0
VAAENQHHA,0
ELCEGTTVV,0
GQIHLAIMA,0
RGTAQIMEV,0
GLLCVTSSS,0
IAGALFTFV,0
RTAGMIIML,0
SADLTVEKV,0
KLPQHLALR,0
LTISPTAGI,0
QQMDPEHRL,0
GTGNIVSAV,0
SGASHNIPV,0
VSHNLMITV,0
RVPNYNLVI,0
WALCEVLTL,0
ALLSLVAHY,0
VTAKWLWGF,0
KTETTILDV,0
FTNMEVQLV,0
GLLFMILTV,0
VLMLVAHYA,0
AAAWYLWEV,0
MVLAFITFL,0
FLDLPLPWA,0
SMAMTCIAV,0
VLWEGGHDL,0
YQGKTVWFV,0
SMGLITIAV,0
FMKDGRSLV,0
MVSAGSGEV,0
LLFMILTVA,0
LLKTALLIV,0
ALNELPESL,0
MMILPAALA,0
HVLGRLITV,0
QILEENMEV,0
RLFMALVAF,0
MLVTPSMAM,0
MVRILIGFL,0
MAMTDTTPF,0
MAISGDDCV,0
LMYFHRRDL,0
MITPRSPSV,0
YVLGRLITV,0
MAMTTVFSI,0
KTTAMALSI,0
LLLSGQITW,0
AQADSAVLL,0
SLVTVAVPA,0
LVAPPPAPA,0
RLAALAIAA,0
IAPNAPQPV,0
ALAESIRPL,0
GAVAMSLTV,0
AAPPPQRAA,0
VAMSLTVGA,0
AGVASADPV,0
GVGAVAMSL,0
GAATGIAAV,0
VGLGNVNGV,0
DMANPMSPV,0
AATGIAAVL,0
GTATGVDMA,0
AIGGAATGI,0
TLAARIKFL,0
WMHHNMDLV,0
MLGNRLEAL,0
SLLERGQQL,0
ALLRQLAEL,0
VLLEQMGSL,0
ILIEGIFFV,0
VLHDDLLEA,0
MLVCGDDLV,0
SVIDCNTCV,0
QLLNSVLTL,0
AMCRTPFSL,0
AMYMALIAA,0
GLVGVLAGL,0
KLIPSWASV,0
LLDKRQFEL,0
LLMTGGVTL,0
LMTGGVTLV,0
MMPEAMTIV,0
PLMALLTPV,0
RQWAQDLTL,0
SMVNGVIKI,0
VVMTSLALV,0
YLGLTQPFL,0
YLNAVSLCI,0
YVIRAQLHV,0
ALADLPVTV,0
ALLWAAGVL,0
AMPPELNTA,0
ALAMEVYQA,0
AAAAGWQTL,0
KLEPMASIL,0
SLQEKVAKA,0
ALKRAQSEL,0
DLTTKNVSI,0
ELAAHQKKI,0
GLRALRETL,0
GLTADARLL,0
SLIGSKTQI,0
TLLGDGIVV,0
ILDSFEPLR,0
VVLVGLMAL,0
VVLAGLMAL,0
VVLVGLMVL,0
GVLVLFGFF,0
ELSDSLGPV,0
FLKDVMESM,0
ALEPGPVTA,0
TEQELPQSQ,0
AETGSGTAS,0
GESVPGIEE,0
DSTQTTTQK,0
KLGLLQVTG,0
TRVTIWKSK,0
NILFVITKL,0
YKSPASDAY,0
KFRVQGEAV,0
DETGVEVKD,0
SRAKAVRAL,0
RAKAVRALK,0
NSNDIVNAI,0
FLADAVVRL,0
FTMGVLCLA,0
FVGKTVWFV,0
LLLGLMILL,0
KMDLGVPLL,0
VLLLITHYA,0
LLMRTSWAL,0
YMPTVIEHL,0
QLANAIFKL,0
LVWMACHSA,0
RTLNAWVKV,0
LMNGQQIFL,0
DLLLGTLNI,0
KMLKEMGEV,0
ALWALPHAA,0
YLSELLNSL,0
YLLPAIVHI,0
YTTDRVMTV,0
RMLPHAPGV,0
CINGVFWTV,0
TLAVGDNRV,0
ALGIVSPRV,0
GNIPALLDV,0
CVNGSCFTV,0
LLAVLYCLL,0
VLYCLLWSF,0
YCLLWSFQT,0
LLWSFQTSA,0
CQNILLSNA,0
NILLSNAPL,0
PLGPQFPFT,0
NCTERRLLV,0
EKDKFFAYL,0
KFFAYLTLA,0
YLTLAKHTI,0
NIYDLFVWM,0
EIWRDIDFA,0
FAHEAPAFL,0
FLPWHRLFL,0
LPWHRLFLL,0
RLFLLRWEQ,0
FLLRWEQEI,0
KLTGDENFT,0
GQHPTNPNL,0
NLLSPASFF,0
ASFFSSWQI,0
ADVEFCLSL,0
SLTQYESGS,0
ANFSFRNTL,0
SQSSMHNAL,0
ALHIYMNGT,0
SANDPIFLL,0
IFLLHHAFV,0
VDSIFEQWL,0
PLQEVYPEA,0
YMVPFIPLY,0
YLQDSDPDS,0
FQDYIKSYL,0
RIWSWLLGA,0
WSWLLGAAM,0
LLGAAMVGA,0
VLTALLAGL,0
ALLAGLVSL,0
LLAGLVSLL,0
QLPEEKQPL,0
DLGYDYSYL,0
MVGAVLTAL,0
LTGDENFTI,0
VGAVLTALL,0
DINIYDLFV,0
SWLLGAAMV,0
DLVLKRCLL,0
VLKRCLLHL,0
LLHLAVIGA,0
AVIGALLAV,0
LLAVGATKV,0
KVPRNQDWL,0
QLYPEWTEA,0
PEWTEAQRL,0
LNFPGSQKV,0
KVLPDGQVI,0
LPDGQVIWV,0
GQVIWVNNT,0
VIWVNNTII,0
SQVWGGQPV,0
SQKRSFVYV,0
RSFVYVWKT,0
VLGGPVSGL,0
SIGTGRAML,0
MLGTHTMEV,0
GTHTMEVTV,0
SAFTITDQV,0
DQVPFSVSV,0
KHFLRNQPL,0
QPLTFALQL,0
QLHDPSGYL,0
SGYLAEADL,0
YLAEADLSY,0
GTLISRALV,0
TLISRALVV,0
LISRALVVT,0
ALVVTHTYL,0
VTAQVVLQA,0
AQVVLQAAI,0
VVLQAAIPL,0
VLQAAIPLT,0
LTSCGSSPV,0
GQVPTTEVV,0
AEPSGTTSV,0
SVQVPTTEV,0
TEVISTAPV,0
VISTAPVQM,0
VQMPTAEST,0
GMTPEKVPV,0
VMGTTLAEM,0
MTPAEVSIV,0
VVLSGTTAA,0
AQVTTTEWV,0
SIMSTESIT,0
SLGPLLDGT,0
PLLDGTATL,0
TLRLVKRQV,0
RLVKRQVPL,0
RQVPLDCVL,0
PLDCVLYRY,0
VLYRYGSFS,0
RYGSFSVTL,0
VTLDIVQGI,0
VQGIESAEI,0
EGDAFELTV,0
VLPSPACQL,0
CQLVLHQIL,0
GTYCLNVSL,0
CLNVSLADT,0
SLADTNSLA,0
AVVSTQLIM,0
GLGQVPLIV,0
GQVPLIVGI,0
PLIVGILLV,0
IVGILLVLM,0
GILLVLMAV,0
ILLVLMAVV,0
LLVLMAVVL,0
LVLMAVVLA,0
VLMAVVLAS,0
LMAVVLASL,0
SLIYRRRLM,0
RLMKQDFSV,0
KQDFSVPQL,0
LPHSSSHWL,0
WLRLPRIFC,0
RLPRIFCSC,0
SPLLSGQQV,0
HLAVIGALL,0
LHLAVIGAL,0
GLSIGTGRA,0
LIVGILLVL,0
GMTPAEVSI,0
AGLGQVPLI,0
STGMTPEKV,0
VLSGTTAAQ,0
ITGSLGPLL,0
VSLADTNSL,0
LADTNSLAV,0
QVPLIVGIL,0
ATGMTPAEV,0
PIGENSPLL,0
GIGILTVIL,0
GILTVILGV,0
TVILGVLLL,0
VILGVLLLI,0
VLLLIGCWY,0
LLLIGCWYC,0
ALMDKSLHV,0
SLHVGTQCA,0
PVVPNAPPA,0
NAPPAYEKL,0
LLIGCWYCR,0
TLEGFASPL,0
TLYAVATTI,0
QLWATLLSL,0
KMIGNHLWV,0
AMFWSVPTV,0
KLMNIQQKL,0
QLSCISTYV,0
HLYASLSRV,0
MLGEQLFPL,0
FMGDIHQPL,0
LLSTAALPV,0
FLQLLLVTL,0
REANLSHYV,0
LEATYASTL,0
LLATTVSGL,0
LMTNGPLEV,0
RMLGDVMAV,0
FMYMSLLGV,0
KLWESPQEI,0
ILAKFAHWL,0
QALIPLAAL,0
ALIPLAALI,0
LLTTLSNRV,0
NLIKLAQKV,0
TLREYILDL,0
CINSTTTDV,0
TLQQLLMGT,0
LLMGTCTIV,0
RMFPNAPYL,0
GLDNHTILL,0
SLHEHIANL,0
HLGELHAIL,0
ILLSDILRV,0
SLLYEYFTV,0
ALIKKYPKL,0
RLENLIAQL,0
YLASHYEKL,0
YLDEIIEQI,0
IMNFFKTEI,0
RMLASAGEL,0
SQILKEHPV,0
KVVDELVKV,0
LLFKTNRKV,0
KLVDSTDKA,0
ITPWNFEEV,0
FQFYKVREI,0
WKEPDVYYT,0
AAANIIRTL,1
AAGNVNIAI,1
AAMAAQLQA,1
AAMASASLV,1
AAQFNASPV,1
AIATFAAPV,1
AIIIAVLLV,1
AIIRILQQL,1
AILHTPGCV,1
AIMDKNITL,1
AIMDKTIIL,1
AIMDKVIIL,1
AINVEKIEL,1
AIYDTMQYV,1
AKKLHFSTA,1
ALAHGVRAL,1
ALCEVLTLA,1
ALDEGLLPV,1
ALFDIESKV,1
ALFHEVAKL,1
ALGGLLTMV,1
ALIHHNTHL,1
ALIHHNTYL,1
ALIPYCVHM,1
ALKMTMASV,1
ALLAFTLGV,1
ALLALLIYA,1
ALLDRDCRV,1
ALLGGLRPV,1
ALLKHRFEI,1
ALLNIKVKL,1
ALLQVTLLL,1
ALLSQLLGV,1
ALMGAVTSL,1
ALNATDPGA,1
ALNSKDAAL,1
ALPVYLMTL,1
ALRERRMKV,1
ALRGMGLNA,1
ALSAGVGAV,1
ALSEGVYRI,1
ALSPVIPHI,1
ALSPVIPLI,1
ALSYTPAEV,1
ALSYTPVEV,1
ALVGAIPSI,1
ALWCSAPSL,1
ALWGVFPVL,1
ALYDVVSKL,1
ALYEKKLAL,1
ALYGSVPVL,1
AMAAQLQAV,1
AMAGASTSA,1
AMAGSIDLL,1
AMAGSLVFL,1
AMAGSPVFL,1
AMASASLVT,1
AMLDHAGDM,1
AMLDLLKSV,1
AMSTTDLEA,1
AMWLLLLSI,1
AQFNASPVA,1
AQLQAVPGA,1
AQSYLRNFL,1
ASKNKEKAL,1
ASPPSTAAA,1
ATDALMTGF,1
ATDALMTGY,1
AVGSHVYSV,1
AWLVAAAEI,1
CLALIAWRV,1
CLGALLTMV,1
DIDEILEKV,1
DIYRIFAEL,1
DLDVKKMPL,1
DLLEEGNTL,1
DLSLRRFMV,1
DLTSFLLSL,1
DLVTNVYDA,1
DMSNLFDWL,1
DNLMWYELS,1
DQYVKVYLE,1
DYQIQATVM,1
ELTARLNSL,1
ELVCSMENT,1
FASPADPKV,1
FAWGFFPVL,1
FIDCYLLAI,1
FIDQYYSSI,1
FIFMIAEVV,1
FIFSYVVAV,1
FILDAVQRV,1
FIMGISILL,1
FITGISILL,1
FIVVATAAV,1
FIYQYYSSI,1
FLADLLHSV,1
FLASPSVPL,1
FLCKQYLNL,1
FLCLLIPGL,1
FLDEFMEAV,1
FLDEFMEGV,1
FLDRALLTL,1
FLDSEPHLL,1
FLEIYTVTV,1
FLFMYLVMV,1
FLFMYLVTV,1
FLFTFFASI,1
FLGAGALAV,1
FLGIYTVTV,1
FLIASVTWL,1
FLIYLDVSV,1
FLMASISSS,1
FLMEDQTLL,1
FLNDLLSVL,1
FLNDLLSVM,1
FLNVFFPLL,1
FLNVLFPLL,1
FLPDLNANA,1
FLPDLNVNA,1
FLSDHLYLV,1
FLSHNFTLV,1
FLTVFSHFM,1
FLTVFSPFM,1
FLTYLDVSV,1
FLVDAIVRV,1
FLVGQLFTF,1
FLVIAINAM,1
FLWGPRALV,1
FLWGPRAYA,1
FLYNPLTRV,1
FMEVFGMLV,1
FMIGYASAL,1
FMIGYTSAL,1
FMLLTQARI,1
FMLLTQARL,1
FMLYLLTLM,1
FMLYLVTLM,1
FMPKVNFEV,1
FMSAYSGVL,1
FMYEGDTPL,1
FPKNDFVSF,1
FQLNQSFEI,1
FSFPLDFLV,1
FSSDVLNLV,1
FVGSYLVIV,1
FVLVILARL,1
FVNHDFTVV,1
FVYVFITHL,1
FVYVFTTHL,1
FYTPLADQF,1
GAAQYIGLV,1
GAASGPKVV,1
GGNGMLATI,1
GIAPLQLGK,1
GIIYIIYKL,1
GILGFIFTL,1
GILGFVYTL,1
GILGVVFTL,1
GILTLAAIV,1
GILVLFGFF,1
GLAGGAATA,1
GLDCARLEI,1
GLEQQIQEI,1
GLFGGGGGV,1
GLFGNLIAL,1
GLGNVNGVT,1
GLIEKNIEL,1
GLIGLVTFL,1
GLIMVLSFL,1
GLLDEDFYA,1
GLLDRLYDL,1
GLLGNVSTV,1
GLLGTLVQL,1
GLMAIAWFI,1
GLSGGTPSK,1
GLSISGNLL,1
GLSRYVPRL,1
GLTSFFIAI,1
GLTVAVAGA,1
GLYPLAIPV,1
GMFANRWII,1
GMGPLLAMV,1
GMGPLLATV,1
GMGPSLIGL,1
GMVAPLYGV,1
GMYGAISLL,1
GTLGFVFTL,1
GVLGFVFTL,1
GVLVGVALI,1
GVRVLEDGV,1
GWVESDAAH,1
GYTSGTGQG,1
HIAKSPFEV,1
HIVEISTPV,1
HLDDVGFLV,1
HLLGQLWLL,1
HLMDGDLGL,1
HLMIDRPYV,1
HLPVADAVI,1
HLREYQDLL,1
HLSTAFARV,1
HNNGICWGN,1
HQLGGVVEV,1
IAGGVMAVV,1
IISAVVGIL,1
IISYIILFI,1
ILAKAIFKL,1
ILAKFLHTL,1
ILDEKPVII,1
ILDRIITNA,1
ILFVVIVGL,1
ILGALLSIL,1
ILGKFLHRL,1
ILGKFLHTL,1
ILGKFLHWL,1
ILHEPVHGV,1
ILHNGAYSL,1
ILITQVLGL,1
ILIVMFPFL,1
ILIVMVPFL,1
ILLARLFLY,1
ILLDWAANI,1
ILLDWAANV,1
ILLEPVHGV,1
ILLGSLSDL,1
ILLLSLNPV,1
ILLMEGVPK,1
ILLNKHIDA,1
ILLWEIPDV,1
ILNAMIAKI,1
ILNAMITKI,1
ILNANTARV,1
ILNDEQLNL,1
ILNDSGETV,1
ILNVDIFTL,1
ILNVDVFTL,1
ILPSKSLEV,1
ILSAHVATA,1
ILSCIFAFI,1
ILTDIEEKV,1
ILTVILGVL,1
ILVAGLSGC,1
IMAVGIVSI,1
IMAVGLVSL,1
IMELATAGI,1
IMGAVLIWV,1
IMGGELPTA,1
IMSSFEFQV,1
IVEQCCTSI,1
IVLGLIATA,1
KASEKIFYV,1
KDLVLLATI,1
KIEDLINQL,1
KILSVFFLA,1
KISNTTFEV,1
KIYQIGRSV,1
KLAGGVAVL,1
KLAKPLPYT,1
KLANPLPYT,1
KLFPEVIDL,1
KLGASPLHV,1
KLGEFYNQM,1
KLGGYVSFV,1
KLHLYSHPI,1
KLIIHNPEL,1
KLKKIKNSI,1
KLKKIKNSL,1
KLLAGDEIV,1
KLLAGVEIV,1
KLLGQINLV,1
KLLPEGYWV,1
KLLWFLTGT,1
KLMNIQQQL,1
KLNPMLAKA,1
KLNTITAVV,1
KLNTITPVV,1
KLPLDIDPV,1
KLPLDINPV,1
KLQEALSQL,1
KLQEQQSDL,1
KLSCAVHLI,1
KLSELHAYI,1
KLSELHTYI,1
KLSHQLVLL,1
KLSHQPVLL,1
KLSREIMPV,1
KLTFLDVEV,1
KLVGKTVKV,1
KLVRELFRV,1
KLWASPLHV,1
KMAEIRAHL,1
KMDIGVPLL,1
KMVAVFYNT,1
KMVAVFYTT,1
KNKEKALII,1
KVAEIVHFL,1
KVAELVWFL,1
LAAPPPQRA,1
LAESIRPLV,1
LAIAAMASA,1
LALPMPATA,1
LGYGFVNYV,1
LIFNMLYWI,1
LIIPCIHLI,1
LIIPFIHLI,1
LILDPKINV,1
LIQEIVHEV,1
LIVDAVLQL,1
LLAAVAALL,1
LLAGTLAGV,1
LLAGTLAVV,1
LLAIKVPNV,1
LLAILPYYV,1
LLAILTYYV,1
LLAMKVPNV,1
LLAMTVPNV,1
LLDEKGPEV,1
LLDFVRMGV,1
LLDKQQFEL,1
LLDQLIEEV,1
LLDVPTAAV,1
LLFAAFSSA,1
LLFALHFSA,1
LLFALYFSA,1
LLFEEYTNI,1
LLFGMPPCL,1
LLFGMTPCL,1
LLHDRQHSI,1
LLIASVTWL,1
LLIKTLSPA,1
LLLIALWNL,1
LLLLGLWGL,1
LLLNMLIAL,1
LLLNMLIVL,1
LLLPALAGA,1
LLLRSPAGV,1
LLLTLLATV,1
LLLVSLWGL,1
LLMLQPDYV,1
LLMPTISLI,1
LLNATDIAV,1
LLPAPLVSV,1
LLSERLNWL,1
LLSGAGEHL,1
LLSIIFFPA,1
LLSIISFPA,1
LLTEVETPI,1
LLVSEIDWL,1
LLWKGEGAV,1
LLWSYAMGV,1
LLYDGSFAV,1
LLYGFVNYI,1
LLYGFVNYV,1
LMASISSFL,1
LMDALKLSI,1
LMFWASSSI,1
LMLIWYRPV,1
LMLWASSSI,1
LMVLHSPSL,1
LMVPHSPSL,1
LMWDNVGLV,1
LPLKMLNIP,1
LQLCCLATA,1
LQTTIHDII,1
LTDGNPPEV,1
LTSFLLSLF,1
LVFPLVMGV,1
LVGPTPVNI,1
LVIGMPPPV,1
LVLPILITI,1
LVLPLVMGV,1
LVVADLSFI,1
MASASLVTV,1
MGLPGVATV,1
MGNGCLRIV,1
MIISHLSLI,1
MIISHLYLI,1
MIKPCCERV,1
MIMQGGFSV,1
MINAYLDKL,1
MINPLVITT,1
MLAAQMFIV,1
MLDILVNSL,1
MLLAVLYCL,1
MLLKHDVSL,1
MLLKQDVSL,1
MLLNVQTLI,1
MLLWTAVAV,1
MLMLAVIVA,1
MLQTNSLAL,1
MLTTLILTL,1
MLVQSCTSI,1
MMARDTAEA,1
MMKTYIEFV,1
MMLRDRWSL,1
MMMLPATLA,1
MMPFSIVYI,1
MPNNPNRNV,1
MSLTVGAGV,1
MTYAAPLFV,1
MVLALITFL,1
MVLNAMAWL,1
MWYELSKIN,1
MYAFTLESV,1
NAHQILPKV,1
NAPPPPVIA,1
NDFCCVATV,1
NEGCGWAGW,1
NGVRVLATA,1
NIVCPLCTL,1
NLEKKITNV,1
NLFNRYLAL,1
NLFNRYPAL,1
NLFSQDISV,1
NLFTFLHEI,1
NLMDGDLGL,1
NLMWYELSK,1
NLPGCSFSI,1
NLPIYSEEI,1
NLVAMVATV,1
NLVGMVATV,1
NLVPIVATV,1
NLVPMVASV,1
NLVPQVATV,1
NLVPTVATV,1
NLVPVVATV,1
PLFGYPVYV,1
PLFQVPEPV,1
PLLIPTSKL,1
PLSPATRRL,1
PNAPPPPVI,1
PRVTGGGAM,1
PTGRSICPS,1
PTLDKVLEV,1
PYLFWLAAI,1
QAMEDLVRA,1
QIFLEVQAI,1
QLAVTIMAI,1
QLDPARDVL,1
QLFKYVPSA,1
QLLDQVEQI,1
QLLSSSKYT,1
QLLVSLWGL,1
QLNKKIYQI,1
QLWAALLSL,1
QMMRNEFRV,1
QQIFLEVQA,1
QVILCPTSV,1
QYDPVAALF,1
RALAETSYV,1
RDNLMWYEL,1
RDVPMLITT,1
RGTPMVITV,1
RIIYIIRFL,1
RINAILATA,1
RLAGFLAGL,1
RLDQKLYAS,1
RLERKWLDV,1
RLGPVQNEI,1
RLGPVQNEV,1
RLGPYLEFL,1
RLHDLVFPL,1
RLHDLVLPL,1
RLIDFLKDV,1
RLIGHISTL,1
RLIKHYPGI,1
RLLEDSKGV,1
RLLQTGIHV,1
RLMKHYPGI,1
RLNTVLATA,1
RLQGISPKI,1
RLSLTALSA,1
RLTGYPAGI,1
RLVPYLEFL,1
RLWEPLRVV,1
RMAAISNTV,1
RMPEAAPPV,1
RMQFSSFTV,1
RMSKGVFKV,1
RVIGMPPPV,1
RVPGVAPTL,1
SGDGLVATG,1
SGMLWMAEV,1
SIDCYLLAI,1
SILDAVQRV,1
SILEDPPSI,1
SIMAFILGI,1
SIYVYALPL,1
SLAPLSPRA,1
SLAPLSPRV,1
SLDLTTSPV,1
SLDPTTSPV,1
SLEEEIRFL,1
SLFGGMSWI,1
SLFKNVRLL,1
SLFNAVAVL,1
SLFNTVATV,1
SLFNTVVTL,1
SLFPGKLEV,1
SLGEQQYSV,1
SLGGLLTMA,1
SLIDLLHKI,1
SLIEVKTCL,1
SLILVSQYT,1
SLISGMWLL,1
SLLKNDVPL,1
SLLLLPVSV,1
SLLQGSPHL,1
SLLQGSPHV,1
SLLWMNLFV,1
SLLWMNPFV,1
SLMDLLSSL,1
SLNPWPPCL,1
SLQFSAFLL,1
SLRNWIATL,1
SLSEKTVLL,1
SLSHYFTLV,1
SLSTKLKQV,1
SLVEELKKV,1
SLVNGVVRL,1
SLWGQPAEA,1
SLWKDGAPL,1
SLYNTIAIL,1
SLYNTISVL,1
SLYNTITVL,1
SLYNTVAIF,1
SLYNTVSTL,1
SLYNTVVTL,1
SMAGSSAMI,1
SMIEAESSV,1
SMQKTIPLV,1
SMSMILVGV,1
SMVNGVVRL,1
SPEGEETII,1
SQIMYNYPA,1
SQLAHLVYV,1
SQQAQLAAA,1
STAPPVHNV,1
SVASTITGV,1
SVYNTVATL,1
SVYPYDEFV,1
TAMDIFVTV,1
TAMDLFVTV,1
TFIFSILVL,1
TILTIIGLI,1
TIMAVLFVV,1
TLARGFPFV,1
TLEDLLMGT,1
TLFTIVGTV,1
TLFTMVGTV,1
TLGVKQMVV,1
TLKQRLTNL,1
TLLDALGML,1
TLLELVVSV,1
TLNAWVKVV,1
TLNDLETDV,1
TLRAAMISL,1
TLRGLFFSV,1
TLVAHGPSL,1
TLWCSPIKV,1
TLYAVATTV,1
TLYTAVSST,1
TMAAISNTV,1
TMLELLTQL,1
TMNQVILSA,1
TMYGSISLL,1
TPRVTGGGA,1
TTGDPPFPG,1
TTWEDVPYL,1
TVGGVMWTV,1
VADAVIHAS,1
VAIDQFLVV,1
VAPPPPAAA,1
VCTEGKSKL,1
VLAGLLGNV,1
VLAKDGTEV,1
VLASPSVPL,1
VLAWLYAAV,1
VLCNCLRLL,1
VLDKVEETV,1
VLFAAFSSA,1
VLFHRAFLV,1
VLGGCRHKL,1
VLIAGIILL,1
VLISALIIY,1
VLISPVSIL,1
VLLRHSKNV,1
VLLVSLGAI,1
VLNETTNWL,1
VLNPFIYML,1
VLNPFIYTL,1
VLNYFEPYL,1
VLNYFKPYL,1
VLPHETRLL,1
VLTDFKTWL,1
VLTSESMHV,1
VMPFSIVYI,1
VMYAFTTPL,1
VNDKAAKMY,1
VPILLKALY,1
VQYLGMFPV,1
VQYLGMLPV,1
VTDAAHLLI,1
VTGSVVCTT,1
VVAGMLRWV,1
VVPEDYWGV,1
VVSVLTHSV,1
WILGFVFTL,1
WIPPVVSVL,1
WLDEVKQAL,1
WLGNHGFEV,1
WLGNIIMFA,1
WLGNIIQYA,1
WLHCLLPKM,1
WLTEAEQFL,1
WLWEPLRVV,1
WLYPGAQNL,1
WMIHTLEAL,1
WYELSKINP,1
YELSKINPT,1
YIFLGNLAL,1
YLAKLTALV,1
YLDELIKNT,1
YLDELIRNT,1
YLDGQLARL,1
YLDKVRATV,1
YLEPGPVTL,1
YLESFCEDV,1
YLFTLLVPL,1
YLGEVIVSV,1
YLGEVLVSV,1
YLKKIQNSL,1
YLLADTFTV,1
YLLAIFSGL,1
YLLEKSRAI,1
YLLFMIGYA,1
YLLFMIGYT,1
YLLFNHFSV,1
YLLKPVQRI,1
YLNELVVFV,1
YLNKEIEEA,1
YLQDSLATT,1
YLQDSMATT,1
YLRNFLAAP,1
YLRTFPAAL,1
YLTAPTGCI,1
YLVGNVCIL,1
YLWPPVQLA,1
YMDDVVLGA,1
YMEDQRFAL,1
YMFLASPSV,1
YMLTLHTKL,1
YMPDVLEKL,1
YMPTTIIAA,1
YMPYPGTRI,1
YMSTTIIAA,1
YMVLASPSV,1
YMYGSPGEL,1
YQSFLFWFL,1
YTAAALAAV,1
YTAFTIPSV,1
YTSEILSPI,1
YVFTLLVSL,1
YVGDLCGCV,1
YVLTWIVGA,1
YVNELVVFV,1
YVTAMDIFV,1
YVTAMDLFV,1
YVVTWIVGA,1
